architecture,d_model,num_heads,ff_dim,num_layers,dropout_rate,epochs,batch_size,MSE,R2,MAE,MAPE,MRE,RMSE,CVRMSE,Training Time (s),Train Loss Final,Validation Loss Final,Overfit Gap,Loss Ratio
encoder,32,2,64,1,0.0,20,64,414109.0962492626,0.9918903116300639,458.46296350114164,1.462564516794868,1.462564516794868,643.5130894156409,2.0709179026038407,55.40478253364563,0.00033961283043026924,0.0002821758680511266,-5.743696237914264e-05,0.8308751695088391
encoder,32,2,64,1,0.0,20,128,503719.27839348046,0.9901354343319198,489.325760563128,1.5759092422618612,1.5759092422618612,709.7318355502172,2.291453571176893,31.801520586013794,0.0004137000651098788,0.00034323669387958944,-7.046337123028934e-05,0.8296752232524444
encoder,32,2,64,1,0.0,50,64,349932.77461706096,0.9931471059721343,429.8354333309876,1.3858311260037746,1.3858311260037746,591.5511597630934,1.7589597497964182,123.20025610923767,0.00023502603289671242,0.0002384459221502766,3.419889253564179e-06,1.0145511082811287
encoder,32,2,64,1,0.0,50,128,354360.790513509,0.9930603901058503,420.04228041217726,1.3524147285629957,1.3524147285629957,595.282110023062,1.9060104153796866,67.18564939498901,0.00027279689675197005,0.00024146315990947187,-3.133373684249818e-05,0.8851389542345595
encoder,32,2,64,1,0.2,20,64,3441745.576337735,0.9325987177642087,1460.6031274915833,4.079596132951119,4.079596132951119,1855.1942152609615,3.181008077922605,59.36410641670227,0.0004788024234585464,0.0023452225141227245,0.0018664200906641781,4.898100759771465
encoder,32,2,64,1,0.2,20,128,6729769.303257328,0.868207841012679,2349.691356079111,6.996073086839974,6.996073086839974,2594.1798903039335,2.522379211200367,34.58538007736206,0.0005810559378005564,0.004585697781294584,0.004004641843494028,7.892007435037338
encoder,32,2,64,1,0.2,50,64,2412466.9743129914,0.9527555527235638,1363.1610636146781,4.002519150912675,4.002519150912675,1553.211825319712,2.2913254963265373,129.21240544319153,0.00029844875098206103,0.0016438664169982076,0.0013454176660161465,5.508035840622486
encoder,32,2,64,1,0.2,50,128,6084200.990048922,0.8808503013909802,2131.299947941796,6.095819271873131,6.095819271873131,2466.6173173090556,2.937683524809562,76.40062189102173,0.00033096567494794726,0.004145802929997444,0.003814837255049497,12.526383379936535
encoder,32,2,64,2,0.0,20,64,525853.9885947462,0.9897019601495921,526.2128406115634,1.6755479416606138,1.6755479416606138,725.1579059727242,2.1829858081845774,69.40374708175659,0.0003228661953471601,0.00035831949207931757,3.545329673215747e-05,1.1098080172005511
encoder,32,2,64,2,0.0,20,128,473477.8893783631,0.9907276653237235,496.95851444967934,1.5781175156616094,1.5781175156616094,688.0972964475031,2.1639643149109613,40.06939649581909,0.0004286709881853312,0.0003226302214898169,-0.00010604076669551432,0.7526290100843755
encoder,32,2,64,2,0.0,50,64,270964.21423429006,0.9946935835103656,358.53137272446133,1.14659995340335,1.14659995340335,520.5422309806286,1.6947300602697186,151.806556224823,0.00022024729696568102,0.00018463634478393942,-3.5610952181741595e-05,0.8383137833138061
encoder,32,2,64,2,0.0,50,128,396799.86588491447,0.992229286227458,467.8810386478474,1.5023877645479828,1.5023877645479828,629.9205234669803,1.808204242473143,84.1977367401123,0.00024321638920810074,0.0002703812497202307,2.7164860512129962e-05,1.1116900904605043
encoder,32,2,64,2,0.2,20,64,4682441.4047388425,0.9083016022906663,1789.5218794590664,5.0263089335992115,5.0263089335992115,2163.8949615771194,3.3408488835842354,73.70437049865723,0.0003986054507549852,0.0031906377989798784,0.002792032348224893,8.004501175125926
encoder,32,2,64,2,0.2,20,128,7171632.861904987,0.8595546242755452,2391.451476479704,7.014046018883286,7.014046018883286,2677.9904521683766,2.8822600082577905,43.85376834869385,0.0006082216277718544,0.004886785987764597,0.0042785643599927425,8.034548205177675
encoder,32,2,64,2,0.2,50,64,3313469.0797634637,0.9351108152327906,1532.0068989309611,4.357897179686621,4.357897179686621,1820.2936795373057,2.7716902264452266,162.98641777038574,0.0003064100455958396,0.0022578141652047634,0.0019514041196089238,7.368603600493115
encoder,32,2,64,2,0.2,50,128,5742742.033868927,0.8875372487457338,2022.020653544778,5.709540937776317,5.709540937776317,2396.4018932284557,3.366851875887137,93.97309637069702,0.00032113876659423113,0.003913132008165121,0.00359199324157089,12.18517480671988
encoder,32,2,128,1,0.0,20,64,458992.7667362221,0.9910113341242691,485.48494957988754,1.5480910454490966,1.5480910454490966,677.4900491787478,2.124229249714325,59.20074391365051,0.00031446866341866553,0.0003127598902210593,-1.708773197606206e-06,0.9945661574700967
encoder,32,2,128,1,0.0,20,128,448793.6501228542,0.9912110681029047,496.4651389626698,1.584996820773973,1.584996820773973,669.9206297188155,2.0340632264984193,33.17523002624512,0.0003924223128706217,0.00030566591885872185,-8.675639401189983e-05,0.778920843268913
encoder,32,2,128,1,0.0,50,64,305925.67876655754,0.9940089171147678,377.2657346252386,1.2019628498025763,1.2019628498025763,553.1054861114266,1.7681860357226575,126.65291142463684,0.00023110551410354674,0.0002084592415485531,-2.264627255499363e-05,0.9020089475457216
encoder,32,2,128,1,0.0,50,128,301926.84749793744,0.9940872280616322,382.5032971305088,1.2204315715483798,1.2204315715483798,549.4787052269974,1.7810172370597055,68.83290767669678,0.0002571891527622938,0.00020575443340931088,-5.143471935298294e-05,0.800012096931159
encoder,32,2,128,1,0.2,20,64,6139650.610090957,0.8797644060487982,2127.52435874045,6.091246285110574,6.091246285110574,2477.83183652381,3.0636272353776612,62.23176074028015,0.0004821823677048087,0.004183589015156031,0.003701406647451222,8.676362503817678
encoder,32,2,128,1,0.2,20,128,5008082.526591307,0.9019244228406639,1879.637808917824,5.335173642213143,5.335173642213143,2237.874555597634,3.136232163871411,34.326372385025024,0.0004751715750899166,0.0034123610239475965,0.00293718944885768,7.181323973981138
encoder,32,2,128,1,0.2,50,64,2859435.471163943,0.9440023636401293,1341.159644938993,3.7500532871588352,3.7500532871588352,1690.9865378423162,3.0121097684471367,136.03097248077393,0.00028589245630428195,0.0019484320655465126,0.0016625396092422307,6.815262251875409
encoder,32,2,128,1,0.2,50,128,4825924.039914385,0.905491716035305,1815.4073482412896,5.099433446086132,5.099433446086132,2196.7985888365793,3.313770821136839,75.58565044403076,0.0003322115517221391,0.0032877789344638586,0.0029555673827417195,9.896642417822209
encoder,32,2,128,2,0.0,20,64,312672.4657962939,0.9938767916898373,395.32101341202326,1.2619395068510029,1.2619395068510029,559.1712311951446,1.7718628103612337,69.01140356063843,0.0002933560172095895,0.00021305654081515968,-8.02994763944298e-05,0.7262729527137687
encoder,32,2,128,2,0.0,20,128,479944.6428839048,0.9906010239237394,523.2780857342999,1.7102534390066346,1.7102534390066346,692.7803713182878,2.06869633053441,39.642948627471924,0.00038568329182453454,0.0003271342720836401,-5.854901974089444e-05,0.8481940468203348
encoder,32,2,128,2,0.0,50,64,269971.32638661144,0.9947130276884913,372.3470051318066,1.225180796023737,1.225180796023737,519.5876503407403,1.671061384715911,159.97271871566772,0.00020172401855234057,0.00018395976803731173,-1.7764250515028834e-05,0.9119378513153127
encoder,32,2,128,2,0.0,50,128,386773.64562977856,0.9924256342974085,466.0385670603543,1.5426548756941676,1.5426548756941676,621.9112843724405,1.8767049262406028,84.89554643630981,0.00024268678680527955,0.00026354362489655614,2.0856838091276586e-05,1.085941382989306
encoder,32,2,128,2,0.2,20,64,5179565.152451765,0.8985661999250543,1890.629190567195,5.328510670075404,5.328510670075404,2275.8658028213713,3.1453790630339666,73.10279321670532,0.0004099095531273633,0.003529379377141595,0.0031194698240142316,8.610141798878688
encoder,32,2,128,2,0.2,20,128,8854808.854652103,0.8265922167926615,2659.6306240802915,7.7957957597947685,7.7957957597947685,2975.703085768488,2.8379503772268797,43.818599700927734,0.0005703031783923507,0.006032847799360752,0.005462544620968401,10.578316986356233
encoder,32,2,128,2,0.2,50,64,5314382.601688379,0.8959260079803679,1871.679365264676,5.207691111755959,5.207691111755959,2305.294471794955,3.347374587407522,165.29366612434387,0.0002855166094377637,0.0036212457343935966,0.003335729124955833,12.683135112610492
encoder,32,2,128,2,0.2,50,128,3219818.5561154224,0.9369448163917745,1439.513041800824,4.019191459608025,4.019191459608025,1794.3852864185612,3.072024625982814,96.5627646446228,0.00028698425740003586,0.0021945813205093145,0.0019075970631092787,7.647044267833209
encoder,32,4,64,1,0.0,20,64,389512.46191363817,0.9923719988019176,437.52820872426275,1.400989093058361,1.400989093058361,624.1093349034592,1.9808994296492515,60.986788511276245,0.00032569310860708356,0.00026541572879068553,-6.0277379816398025e-05,0.8149258359374232
encoder,32,4,64,1,0.0,20,128,434194.55555772374,0.9914969688678934,467.7891620725199,1.4868625920863519,1.4868625920863519,658.9344091468618,2.113015869352607,35.51396155357361,0.0004131257883273065,0.00029586226446554065,-0.00011726352386176586,0.7161554006673104
encoder,32,4,64,1,0.0,50,64,393542.9041887135,0.9922930688022148,464.82659365270655,1.4688557291529736,1.4688557291529736,627.3299803043957,1.7232642514450045,131.2045819759369,0.00023014386533759534,0.0002681619953364134,3.801812999881804e-05,1.16519288899163
encoder,32,4,64,1,0.0,50,128,353643.2108327424,0.9930744427978687,407.95217597752514,1.3010564667013047,1.3010564667013047,594.6790822222877,1.8887799656461888,71.53516125679016,0.0002531367354094982,0.0002409741864539683,-1.2162548955529928e-05,0.9519526514559231
encoder,32,4,64,1,0.2,20,64,5399175.008414261,0.8942654793879947,1963.432802526272,5.579060823400589,5.579060823400589,2323.612491017868,3.168022962378339,62.55559778213501,0.000453649990959093,0.003679024986922741,0.003225374995963648,8.109831500590705
encoder,32,4,64,1,0.2,20,128,4529804.76601729,0.9112907555961064,1816.1209449764378,5.233083073122188,5.233083073122188,2128.333800421656,2.9146360307058488,36.529927253723145,0.0005495816585607827,0.003086630254983902,0.0025370485964231193,5.6163269041165185
encoder,32,4,64,1,0.2,50,64,2728943.084493904,0.9465578559008119,1349.961411607108,3.8252874050587518,3.8252874050587518,1651.9512960417155,2.6450192743124776,136.11736631393433,0.0003231483278796077,0.0018595150904729962,0.0015363667625933886,5.754370145358692
encoder,32,4,64,1,0.2,50,128,4642549.948964164,0.9090828149659874,1774.3135978960472,4.978791312509202,4.978791312509202,2154.657733600435,3.2863081126598437,76.17115378379822,0.00034816222614608705,0.0031634559854865074,0.0028152937593404204,9.086155096443857
encoder,32,4,64,2,0.0,20,64,420185.0088565475,0.9917713242466561,476.29721921200905,1.485075680712566,1.485075680712566,648.2167915570743,1.848567373552374,73.41271233558655,0.00031719382968731225,0.0002863161498680711,-3.0877679819241166e-05,0.9026535924432068
encoder,32,4,64,2,0.0,20,128,452296.8028430687,0.991142464256405,497.3136981531609,1.6199139551287118,1.6199139551287118,672.5301501368313,2.0465933776238496,42.43385148048401,0.0003525326610542834,0.00030819722451269627,-4.4335436541587114e-05,0.8742373645352528
encoder,32,4,64,2,0.0,50,64,262604.52802664205,0.9948572950796803,355.0488720479535,1.1164289651985362,1.1164289651985362,512.4495370537884,1.604908824241573,156.7486057281494,0.00021490163635462523,0.00017893995391204953,-3.596168244257569e-05,0.8326598017000083
encoder,32,4,64,2,0.0,50,128,298825.92854539165,0.9941479547797685,384.994520765395,1.223785978857287,1.223785978857287,546.6497311308144,1.7552057572854856,85.99889945983887,0.00024832916096784174,0.00020362144277896732,-4.4707718188874424e-05,0.8199658952068701
encoder,32,4,64,2,0.2,20,64,9133469.932137167,0.8211350690996917,2621.679822067036,7.486901430704296,7.486901430704296,3022.1631213647565,3.3836848479374404,73.15410685539246,0.0003983934875577688,0.006223591044545174,0.005825197556987405,15.621718825518515
encoder,32,4,64,2,0.2,20,128,8917477.693413345,0.8253649441790855,2659.863253074602,7.747595994688362,7.747595994688362,2986.21460940324,2.9958671980326232,44.47180509567261,0.0005308309337124228,0.006076411809772253,0.00554558087605983,11.446981371782949
encoder,32,4,64,2,0.2,50,64,3857032.9042269946,0.9244659555436509,1600.660507033746,4.48819558505503,4.48819558505503,1963.9330192822244,2.863300194126897,173.91997957229614,0.00027322227833792567,0.0026282002218067646,0.002354977943468839,9.619274964672407
encoder,32,4,64,2,0.2,50,128,4074733.282335331,0.9202026291872234,1644.6169526107005,4.6065064203828365,4.6065064203828365,2018.5968597853637,3.0430944072774224,97.10836124420166,0.00033869422622956336,0.0027765431441366673,0.002437848917907104,8.197787057210581
encoder,32,4,128,1,0.0,20,64,436749.49770218757,0.9914469342640112,493.98507119282885,1.521610851135837,1.521610851135837,660.8702578435403,1.8451675350667527,59.321457624435425,0.0003123627684544772,0.0002976031682919711,-1.4759600162506104e-05,0.9527485294245075
encoder,32,4,128,1,0.0,20,128,422404.94475492503,0.9917278502237474,488.12735961914524,1.6116683470925035,1.6116683470925035,649.9268764675954,2.0268297602912266,32.87619352340698,0.00033506707404740155,0.0002880198007915169,-4.704727325588465e-05,0.8595884916784484
encoder,32,4,128,1,0.0,50,64,271292.1037906348,0.9946871622987916,358.91503940853886,1.152012123777979,1.152012123777979,520.8570857640652,1.6674096153709503,128.7270348072052,0.00021770974854007363,0.00018485977489035577,-3.284997364971787e-05,0.849111149730297
encoder,32,4,128,1,0.0,50,128,279851.77358443354,0.9945195343591835,366.1083286532555,1.1647349515251226,1.1647349515251226,529.0101828740478,1.6993373942302585,70.09533596038818,0.0002359093923587352,0.00019069221161771566,-4.521718074101955e-05,0.8083281878312835
encoder,32,4,128,1,0.2,20,64,4417044.725958244,0.9134989871798674,1825.9686832531656,5.268666159128479,5.268666159128479,2101.6766463845584,2.6602173862944505,59.36081123352051,0.000409301690524444,0.0030097952112555504,0.0026004935207311064,7.353488345965681
encoder,32,4,128,1,0.2,20,128,6016407.26807969,0.882177936943032,2114.8660279513474,6.081457305873818,6.081457305873818,2452.836575901397,2.921694122107072,34.55970048904419,0.000500570225995034,0.0041001951321959496,0.0035996249062009156,8.191048766525372
encoder,32,4,128,1,0.2,50,64,6257213.25980686,0.8774621227573294,2102.9420827751633,5.923649784639629,5.923649784639629,2501.4422359524633,3.3334007771782406,132.51920104026794,0.00028125918470323086,0.00426369346678257,0.003982434282079339,15.159303939821143
encoder,32,4,128,1,0.2,50,128,3896633.257900804,0.9236904436542899,1661.5254939746983,4.72185089914411,4.72185089914411,1973.9891737040514,3.3217048439789973,74.42036294937134,0.000305068475427106,0.002655750373378396,0.00235068189795129,8.70542382217716
encoder,32,4,128,2,0.0,20,64,403447.45265937503,0.9920991034866264,473.24429384416356,1.510052770798514,1.510052770798514,635.1751354228021,1.869073126423406,70.80555129051208,0.0002942020364571363,0.00027491102810017765,-1.9291008356958628e-05,0.9344293853663749
encoder,32,4,128,2,0.0,20,128,463722.4494047488,0.990918710579223,494.2516446302683,1.5744475190751668,1.5744475190751668,680.9716950099679,2.073996015925191,41.068867921829224,0.0003780241240747273,0.000316025223582983,-6.199890049174428e-05,0.8359922117576591
encoder,32,4,128,2,0.0,50,64,253679.63133519134,0.9950320754251427,347.7756388877246,1.1073431878018343,1.1073431878018343,503.666190383265,1.5785870150677945,164.41932439804077,0.0001935707259690389,0.00017285853391513228,-2.071219205390662e-05,0.8929993574688588
encoder,32,4,128,2,0.0,50,128,305792.8768479123,0.9940115178356524,395.6861862243821,1.2554295065897705,1.2554295065897705,552.9854219126507,1.7338093082734023,87.53187680244446,0.0002169941581087187,0.0002083629951812327,-8.631162927486002e-06,0.9602239848173165
encoder,32,4,128,2,0.2,20,64,4020714.168651045,0.9212605102672758,1644.5807836734211,4.636865131256453,4.636865131256453,2005.1718551413603,3.643127586374253,74.93455386161804,0.00037638487992808223,0.002739732852205634,0.002363347972277552,7.279072561918876
encoder,32,4,128,2,0.2,20,128,8661933.002777798,0.8303693930656624,2577.881086013388,7.428550404263811,7.428550404263811,2943.1162061287687,3.302876882889813,44.96082901954651,0.0005333406152203679,0.005901464726775885,0.005368124111555517,11.065095285003736
encoder,32,4,128,2,0.2,50,64,5122220.0552892005,0.89968921526508,1861.5220734382372,5.198426654479615,5.198426654479615,2263.232214177149,3.430497813260002,169.97210597991943,0.00026474572950974107,0.0034903064370155334,0.0032255607075057924,13.183617516622155
encoder,32,4,128,2,0.2,50,128,4888774.312304422,0.9042608903237587,1885.919642408492,5.373295401306194,5.373295401306194,2211.05728381343,3.0397163067632635,95.78294610977173,0.0003029248910024762,0.003331828862428665,0.003028903971426189,10.998861306519146
encoder,64,2,64,1,0.0,20,64,442077.23112737766,0.9913425988166914,486.6980838264873,1.5792250391478297,1.5792250391478297,664.8888863015967,1.9847549505543225,64.6141197681427,0.0003207025583833456,0.0003012334636878222,-1.946909469552338e-05,0.9392923623881685
encoder,64,2,64,1,0.0,20,128,601075.7827495532,0.9882288572529202,591.3780601464983,1.8864396965125114,1.8864396965125114,775.2907730326431,2.1587492960495003,37.28702473640442,0.0004652737407013774,0.0004104667459614575,-5.48069947399199e-05,0.8822048399780718
encoder,64,2,64,1,0.0,50,64,421154.768984059,0.9917523329892823,504.17560072898715,1.6146326148825008,1.6146326148825008,648.9643819070959,1.6619007803359473,130.69319486618042,0.00021372971241362393,0.0002869768359232694,7.324712350964546e-05,1.3427091286582222
encoder,64,2,64,1,0.0,50,128,359080.60152123135,0.9929679598820655,429.7364736636557,1.3488795306169301,1.3488795306169301,599.2333448008642,1.7520963131137575,70.89094972610474,0.00026915970374830067,0.00024404260329902172,-2.511710044927895e-05,0.9066832809685111
encoder,64,2,64,1,0.2,20,64,3330193.920062229,0.9347832850140911,1622.0901027107172,4.807068432529335,4.807068432529335,1824.8818920856847,2.225952332128653,64.86084151268005,0.0004651360504794866,0.002269210061058402,0.0018040740105789155,4.878594249401184
encoder,64,2,64,1,0.2,20,128,1168239.940421201,0.977121821413877,883.2352471928654,2.9528612564165764,2.9528612564165764,1080.85148860572,2.8045749067182224,39.945873975753784,0.0007653717184439301,0.0007952023297548294,2.9830611310899258e-05,1.0389753247893032
encoder,64,2,64,1,0.2,50,64,2031856.2640778415,0.9602092268355886,1165.9464676970224,3.3706496999722098,3.3706496999722098,1425.4319570143787,2.528157326381545,141.7953701019287,0.0003544171922840178,0.0013845165958628058,0.001030099403578788,3.9064600307349133
encoder,64,2,64,1,0.2,50,128,1879207.2728340472,0.9631986220461375,1108.8713642974776,3.18508688515529,3.18508688515529,1370.841811747091,2.4190093377753565,77.97141885757446,0.0003685561241582036,0.0012807646999135613,0.0009122085757553577,3.475087282402042
encoder,64,2,64,2,0.0,20,64,309881.5070386728,0.9939314483153079,387.96817619719235,1.2452295796749122,1.2452295796749122,556.6700162921233,1.8168886780137914,73.22379755973816,0.0003087003424298018,0.00021115473646204919,-9.754560596775264e-05,0.6840119929898217
encoder,64,2,64,2,0.0,20,128,533014.5077859232,0.989561732417979,556.9315807232693,1.7432486333111556,1.7432486333111556,730.0784257776169,2.085151066536773,40.24840331077576,0.00033797972719185054,0.00036274781450629234,2.47680873144418e-05,1.0732827602419552
encoder,64,2,64,2,0.0,50,64,381409.2252230081,0.9925306882027157,480.08373700533417,1.573471842732755,1.573471842732755,617.5833751187025,1.6592577512496824,156.0404884815216,0.00021047945483587682,0.0002598940918687731,4.941463703289628e-05,1.2347717836471392
encoder,64,2,64,2,0.0,50,128,607918.944934171,0.9880948444691277,630.0109375895457,1.9898376216574007,1.9898376216574007,779.691570388042,1.8153740504321416,87.22348666191101,0.00027338063227944076,0.0004145929415244609,0.00014121230924502015,1.5165410148758363
encoder,64,2,64,2,0.2,20,64,3197345.6176185617,0.937384914253949,1421.8344882660974,3.9759782821115133,3.9759782821115133,1788.1123056504482,2.7878850223070084,76.12893962860107,0.00041611865162849426,0.002178687835112214,0.0017625691834837198,5.235737034583397
encoder,64,2,64,2,0.2,20,128,2325625.5907019204,0.9544562073700775,1287.6745380366401,3.7663328987806386,3.7663328987806386,1525.0001936727485,2.2699012935541,47.088000535964966,0.0005494417855516076,0.0015869304770603776,0.00103748869150877,2.888259536844639
encoder,64,2,64,2,0.2,50,64,1772781.4441353346,0.9652828078635368,1026.0763762409144,2.8877329031562295,2.8877329031562295,1331.4583899376407,2.898084190998817,162.0948827266693,0.00029227486811578274,0.0012079817242920399,0.0009157068561762571,4.1330331686729425
encoder,64,2,64,2,0.2,50,128,4760496.292502949,0.9067730176223975,1834.1833051051308,5.202891079904968,5.202891079904968,2181.8561576105217,2.808394472952728,91.46783232688904,0.00033840895048342645,0.0032439217902719975,0.002905512839788571,9.58580376091698
encoder,64,2,128,1,0.0,20,64,650258.861114675,0.9872656824706517,615.1855747443725,1.868032827155234,1.868032827155234,806.3862976977442,2.042196787017292,60.434134006500244,0.00035033602034673095,0.0004430895787663758,9.275355841964483e-05,1.2647559857757296
encoder,64,2,128,1,0.0,20,128,552621.9678769754,0.9891777505337253,562.6884287124442,1.806998594569972,1.806998594569972,743.3854773110485,2.4159317064107038,38.11166572570801,0.00047546098357997835,0.0003766854642890394,-9.877551929093897e-05,0.7922531549335347
encoder,64,2,128,1,0.0,50,64,350935.0999524502,0.9931274769753581,436.25310833556387,1.3685926306271627,1.3685926306271627,592.3977548509533,1.653120336326357,124.98497343063354,0.00021400360856205225,0.00023912879987619817,2.5125191314145923e-05,1.1174054563050073
encoder,64,2,128,1,0.0,50,128,326408.3075484586,0.9936077964006303,401.27891921242036,1.2838477400946495,1.2838477400946495,571.3215447963245,1.8613040650031256,69.37353897094727,0.00026501165120862424,0.00022257633099798113,-4.243532021064311e-05,0.8398737564287809
encoder,64,2,128,1,0.2,20,64,3079735.3727445705,0.9396881296232289,1467.022425804702,4.202239794237601,4.202239794237601,1754.9174831725195,2.4455689736449817,65.48331117630005,0.00041408013203181326,0.0020985461305826902,0.001684465998550877,5.067971071892582
encoder,64,2,128,1,0.2,20,128,4583852.502092237,0.9102323139906495,1709.5358019192263,4.780089905138022,4.780089905138022,2140.9933447099356,3.441439268098963,37.19558238983154,0.0006294521735981107,0.0031196412164717913,0.0024901890428736806,4.956121127740523
encoder,64,2,128,1,0.2,50,64,3452600.015807575,0.9323861502974999,1503.9602676298932,4.211270506892405,4.211270506892405,1858.1173310121121,2.755385749241667,135.48225831985474,0.0002918241370934993,0.0023526179138571024,0.002060793776763603,8.0617660255544
encoder,64,2,128,1,0.2,50,128,1350120.8487019616,0.9735599641642839,903.7867647521339,2.6065585055316602,2.6065585055316602,1161.9470076995601,2.678584172276633,99.62282943725586,0.0003383401199243963,0.0009209374547936022,0.000582597334869206,2.721928026151289
encoder,64,2,128,2,0.0,20,64,380441.46235274617,0.9925496403468848,454.68726822110085,1.4931093748680644,1.4931093748680644,616.7993696111777,1.8676500854337217,76.95311403274536,0.00031481514452025294,0.00025923471548594534,-5.55804290343076e-05,0.8234505867911576
encoder,64,2,128,2,0.0,20,128,484104.5573836993,0.9905195584100753,513.552168276824,1.6504895493730458,1.6504895493730458,695.7762265151773,2.159980653710919,46.35020875930786,0.00045471967314369977,0.000329288566717878,-0.00012543110642582178,0.7241572911093661
encoder,64,2,128,2,0.0,50,64,251032.9291968272,0.9950839070070726,347.42595361183857,1.1246483194866455,1.1246483194866455,501.0318644525787,1.6155565365429312,152.94199633598328,0.00019987230189144611,0.0001710550714051351,-2.881723048631102e-05,0.855821791145618
encoder,64,2,128,2,0.0,50,128,427018.003538727,0.9916375105777274,487.2722632480212,1.5804474306589882,1.5804474306589882,653.4661456714701,1.8439574765118993,83.48089218139648,0.00025707061286084354,0.00029099162202328444,3.3921009162440896e-05,1.1319521075744385
encoder,64,2,128,2,0.2,20,64,2941443.5339276018,0.9423963621326544,1411.0788118085698,4.011252810656049,4.011252810656049,1715.0637113319149,3.080379295416601,79.57571148872375,0.0004183523415122181,0.0020043139811605215,0.0015859616396483034,4.790971108027096
encoder,64,2,128,2,0.2,20,128,6302557.661040093,0.8765741225500084,2049.6325431815635,5.721763221427927,5.721763221427927,2510.4895261761385,3.760405024140541,48.05680513381958,0.0005705429939553142,0.004297977779060602,0.003727434785105288,7.533135670047728
encoder,64,2,128,2,0.2,50,64,4505598.552701974,0.9117647969740461,1768.9567247180007,4.962402042138245,4.962402042138245,2122.6395249080742,2.9739853150617956,166.28943848609924,0.0002540824643801898,0.003070136299356818,0.0028160538349766284,12.083227808916787
encoder,64,2,128,2,0.2,50,128,4747382.921103517,0.9070298227891804,1836.960899727356,5.1972959412148,5.1972959412148,2178.8489899723468,3.020724013873246,96.13827323913574,0.0003233532188460231,0.003233457449823618,0.002910104230977595,9.99976886379273
encoder,64,4,64,1,0.0,20,64,404028.06560045463,0.9920877330770934,457.1087450608668,1.47110640620726,1.47110640620726,635.6320205908877,2.0963100208512038,65.346431016922,0.00034953371505253017,0.000275306636467576,-7.422707858495414e-05,0.7876397171763565
encoder,64,4,64,1,0.0,20,128,713448.7796993301,0.9860282053118918,681.0714642768418,2.2716440726354237,2.2716440726354237,844.6589724257536,2.220331653973533,38.42270565032959,0.0004587719449773431,0.0004881942877545953,2.9422342777252197e-05,1.0641328291744283
encoder,64,4,64,1,0.0,50,64,373744.8323351866,0.9926807835240403,433.1703501743481,1.3916090730114916,1.3916090730114916,611.3467365866825,1.7708698663417257,131.48850440979004,0.0002400540979579091,0.00025467152590863407,1.461742795072496e-05,1.0608922241905987
encoder,64,4,64,1,0.0,50,128,452850.81548061577,0.9911316147728166,522.3400402817043,1.6434015751453634,1.6434015751453634,672.9419109259103,1.7341773399844593,71.49967980384827,0.0002563211601227522,0.00030890287598595023,5.258171586319804e-05,1.2051399729855181
encoder,64,4,64,1,0.2,20,64,1234913.5024549635,0.9758161224676217,963.2986344434113,3.0217937002643405,3.0217937002643405,1111.2666207778238,1.9711114832467513,64.69331383705139,0.0004608793824445456,0.0008414757903665304,0.0003805964079219848,1.8258048036413936
encoder,64,4,64,1,0.2,20,128,1658617.8546300286,0.9675185257998655,1138.379205075816,3.6097184350410663,3.6097184350410663,1287.873384549129,2.1182487014072993,38.59694981575012,0.0006122585036791861,0.0011323669459670782,0.0005201084422878921,1.8494915777607897
encoder,64,4,64,1,0.2,50,64,1813258.0979470848,0.9644901349866447,1062.187355814204,2.997551498637101,2.997551498637101,1346.5727228586968,2.698418584675912,140.34739899635315,0.00032602972351014614,0.0012355624930933118,0.0009095327695831656,3.7897234638327713
encoder,64,4,64,1,0.2,50,128,2360241.7854233882,0.9537783025515483,1217.4453320429018,3.4153243573243763,3.4153243573243763,1536.3078420106397,2.732845969150831,76.28872847557068,0.00032352670677937567,0.001608845661394298,0.0012853189546149224,4.972837257888039
encoder,64,4,64,2,0.0,20,64,391504.8142159289,0.992332981652956,442.32740746187295,1.41811544019117,1.41811544019117,625.7034554930385,1.9703490310700584,69.28925561904907,0.00032073172042146325,0.0002667732478585094,-5.395847256295383e-05,0.8317644650424699
encoder,64,4,64,2,0.0,20,128,471533.28157844016,0.9907657474701963,510.6246782951731,1.697947326100305,1.697947326100305,686.6828100210753,2.101733764593929,43.150474071502686,0.0004251961945556104,0.0003213235177099705,-0.00010387267684563994,0.7557064757971284
encoder,64,4,64,2,0.0,50,64,305757.0592068553,0.9940122192689456,389.0998449307085,1.2430842702134084,1.2430842702134084,552.9530352632629,1.719576257675139,162.20717453956604,0.00020344536460470408,0.00020834426686633378,4.898902261629701e-06,1.0240796946696147
encoder,64,4,64,2,0.0,50,128,353582.17513833265,0.9930756380878675,423.0703260762387,1.3196606262619133,1.3196606262619133,594.6277618294765,1.8663588090788514,92.24333691596985,0.00024287305132020265,0.00024107261560857296,-1.8004357116296887e-06,0.9925869267840012
encoder,64,4,64,2,0.2,20,64,1927915.607195724,0.9622447443934378,1054.4975160638326,2.955275264438387,2.955275264438387,1388.4940068994622,2.759088098864349,74.87672805786133,0.0004689298220910132,0.001313690678216517,0.0008447608561255038,2.8014654140754276
encoder,64,4,64,2,0.2,20,128,4095135.793976024,0.9198030774438093,1829.9001060684402,5.453988899757634,5.453988899757634,2023.6441866039652,2.4740008337838373,49.142406702041626,0.0006053780671209097,0.0027941816952079535,0.0021888036280870438,4.6155978337581285
encoder,64,4,64,2,0.2,50,64,5492807.823921311,0.8924318250156579,1987.720516913846,5.630208542721717,5.630208542721717,2343.674001204372,2.95357557359718,174.4806318283081,0.0002603108005132526,0.003742825472727418,0.0034825146722141653,14.37829496643136
encoder,64,4,64,2,0.2,50,128,4391923.887107255,0.9139909400891807,1727.2376250634218,4.838351505491258,4.838351505491258,2095.691744295247,3.0268156257669894,104.94554042816162,0.0002887140435632318,0.0029912153258919716,0.0027025012823287398,10.360477408633084
encoder,64,4,128,1,0.0,20,64,708310.0547905391,0.9861288393187431,692.5915139692366,2.1725254345938665,2.1725254345938665,841.6115819013776,1.9077846141065633,58.79699492454529,0.0003247267159167677,0.0004826457879971713,0.00015791907208040357,1.4863137658217211
encoder,64,4,128,1,0.0,20,128,436693.73829114065,0.9914480262261327,496.8694282090028,1.5595400870063245,1.5595400870063245,660.8280701446789,1.9029190559028617,32.921087980270386,0.00034612114541232586,0.0002978937700390816,-4.8227375373244286e-05,0.8606633081726568
encoder,64,4,128,1,0.0,50,64,265547.3722380215,0.994799664011704,351.48672074821604,1.13113445785341,1.13113445785341,515.3128877080618,1.6737826682818775,131.50946354866028,0.00021674610616173595,0.00018094525148626417,-3.580085467547178e-05,0.834825846196484
encoder,64,4,128,1,0.0,50,128,289063.71167304233,0.9943391327503842,377.11437351855807,1.205794958776449,1.205794958776449,537.6464560220242,1.7348670110401678,71.2269058227539,0.00025516547611914575,0.00019696606614161283,-5.819940997753292e-05,0.7719150299535131
encoder,64,4,128,1,0.2,20,64,1805722.5928050273,0.9646377062401276,1023.8091799518129,2.9057821258684564,2.9057821258684564,1343.7717785416642,3.0275110940732963,59.97846984863281,0.0004771751700900495,0.0012304281117394567,0.0007532529416494071,2.578566926496318
encoder,64,4,128,1,0.2,20,128,1497040.9209003835,0.9706827610030655,937.6455558942984,2.7028377901398475,2.7028377901398475,1223.536236038959,2.690815606326,34.79414463043213,0.0006025040638633072,0.0010173809714615345,0.00041487690759822726,1.6885877332312105
encoder,64,4,128,1,0.2,50,64,3683003.243725925,0.9278740582068677,1508.8602055105998,4.155177274532954,4.155177274532954,1919.1152241921081,3.251732899346274,140.9932680130005,0.00026185851311311126,0.0025096170138567686,0.0022477585007436574,9.5838664323765
encoder,64,4,128,1,0.2,50,128,2451143.515687755,0.9519981322741771,1238.9858965835588,3.4522211953207287,3.4522211953207287,1565.6128243239946,2.7855035743297902,76.89824295043945,0.00029596537933684886,0.0016728893388062716,0.0013769239594694227,5.652314275928523
encoder,64,4,128,2,0.0,20,64,458065.2597112918,0.9910294979197549,507.1498983373142,1.751946269192147,1.751946269192147,676.8051859370552,2.1892268919127216,69.82064986228943,0.00031243430566973984,0.00031212784233503044,-3.064633347094059e-07,0.9990191111246491
encoder,64,4,128,2,0.0,20,128,596449.6236213403,0.9883194534489935,584.4997267251982,1.7939466187145017,1.7939466187145017,772.3015108241989,1.9909430426501233,43.84662127494812,0.00038259103894233704,0.00040575582534074783,2.3164786398410797e-05,1.0605471222286054
encoder,64,4,128,2,0.0,50,64,237236.6028867611,0.9953540867931192,332.3299822724378,1.0552613145192653,1.0552613145192653,487.0694025359847,1.5713069726348567,155.7529332637787,0.0001982279500225559,0.0001616541703697294,-3.657377965282649e-05,0.8154963533211899
encoder,64,4,128,2,0.0,50,128,343066.20177185955,0.9932815772176308,414.57700038586955,1.3206110973843415,1.3206110973843415,585.7185345981973,1.9000478450404712,94.25418853759766,0.00022963611991144717,0.0002337190817343071,4.082961822859943e-06,1.0177801376561946
encoder,64,4,128,2,0.2,20,64,2166288.5227263677,0.957576578254863,1218.2459638063824,3.505548103789206,3.505548103789206,1471.8316896732342,2.372059051971726,75.4123284816742,0.00042386187124066055,0.0014761193888261914,0.0010522575175855309,3.482548181334479
encoder,64,4,128,2,0.2,20,128,3212496.86604204,0.9370882004066976,1454.8639662280318,4.1135728825867135,4.1135728825867135,1792.343958631278,2.8618376099131804,49.97561264038086,0.0004970206646248698,0.0021891440264880657,0.001692123361863196,4.404533216220173
encoder,64,4,128,2,0.2,50,64,4059712.0189482663,0.9204967974778868,1736.4435903232638,4.99171782302761,4.99171782302761,2014.8727053956204,2.3377594918287987,175.58181071281433,0.0002649218949954957,0.0027663076762109995,0.002501385781215504,10.44197451576448
encoder,64,4,128,2,0.2,50,128,1903228.7732296926,0.9627281979860253,1088.7164734042753,3.0553714866591792,3.0553714866591792,1379.5755772083285,2.718604266172101,105.12283825874329,0.0003070133680012077,0.0012973586563020945,0.0009903452883008868,4.225739956368907
encdec,32,2,64,1,0.0,20,64,392867.90419176465,0.9923062876367551,449.61241209454715,1.4489616153381288,1.4489616153381288,626.7917550445002,2.0282086275558076,60.82724094390869,0.0003531350230332464,0.00026770203839987516,-8.543298463337123e-05,0.7580727510413827
encdec,32,2,64,1,0.0,20,128,486019.3360208981,0.9904820604217777,484.3354797914448,1.5445289846852344,1.5445289846852344,697.1508703436424,2.2500661855439734,33.79616045951843,0.0004478793707676232,0.00033117589191533625,-0.00011670347885228693,0.739431002030149
encdec,32,2,64,1,0.0,50,64,297591.19237224176,0.9941721351845797,382.77334736687123,1.2311581105347722,1.2311581105347722,545.5191952371995,1.7745625726433332,129.29669642448425,0.0002317825419595465,0.0002027801238000393,-2.9002418159507215e-05,0.8748722923033216
encdec,32,2,64,1,0.0,50,128,353400.757792532,0.9930791908669604,435.67005184682944,1.4144573478294387,1.4144573478294387,594.4751952710322,1.80312359183885,70.01321816444397,0.0002646740758791566,0.0002408090076642111,-2.3865068214945495e-05,0.9098322412738236
encdec,32,2,64,1,0.2,20,64,690408.4474182082,0.9864794147067881,615.0663758434141,1.8422518134835746,1.8422518134835746,830.9082063731278,2.2005821163418338,60.65939259529114,0.0003649940772447735,0.00047044752864167094,0.00010545345139689744,1.2889182536684778
encdec,32,2,64,1,0.2,20,128,1264343.0607790754,0.9752397899285998,906.7395092489252,2.7114162347266584,2.7114162347266584,1124.430104888283,2.454223121882852,35.10890984535217,0.00046550086699426174,0.0008615292026661336,0.0003960283356718719,1.8507574609452957
encdec,32,2,64,1,0.2,50,64,612503.5054528943,0.9880050629177038,621.4410481014635,2.0290321221882177,2.0290321221882177,782.6260316734259,1.9570463690409312,141.33302974700928,0.00024827796733006835,0.00041736284038051963,0.00016908487305045128,1.6810305194164274
encdec,32,2,64,1,0.2,50,128,566333.3492167755,0.9889092342639928,597.6800926814212,1.9768577136165717,1.9768577136165717,752.5512269718092,2.0839960937803466,74.45482635498047,0.0002919522812590003,0.00038590229814872146,9.395001688972116e-05,1.3217992217240977
encdec,32,2,64,2,0.0,20,64,361359.6000365441,0.9929233292088393,438.16150619282894,1.4225283336277625,1.4225283336277625,601.1319323048344,1.83377394136494,69.79171586036682,0.0003127878881059587,0.0002462321426719427,-6.655574543401599e-05,0.7872176386463218
encdec,32,2,64,2,0.0,20,128,405105.0214679522,0.9920666425563763,455.1268511767885,1.4696102468326275,1.4696102468326275,636.4786103774047,2.0799508074201136,42.65262150764465,0.0003886323538608849,0.0002760406059678644,-0.00011259174789302051,0.7102872502135427
encdec,32,2,64,2,0.0,50,64,283045.8862358143,0.9944569825860982,367.0077064260225,1.1809910574414626,1.1809910574414626,532.0205693728526,1.6895073660244377,162.56027841567993,0.00021484690660145134,0.00019286888709757477,-2.1978019503876567e-05,0.897703812209656
encdec,32,2,64,2,0.0,50,128,345214.97363417456,0.9932394968326808,427.0088807665127,1.359600320720758,1.359600320720758,587.5499754354302,1.764760331760866,86.51159644126892,0.000245019793510437,0.0002352311130380258,-9.788680472411215e-06,0.9600494297535426
encdec,32,2,64,2,0.2,20,64,467147.0254814343,0.990851645535174,471.9568450184602,1.4552835098585428,1.4552835098585428,683.4815472867093,2.0456626671509204,74.37600708007812,0.00035007420228794217,0.0003183162771165371,-3.175792517140508e-05,0.9092823036834813
encdec,32,2,64,2,0.2,20,128,1114508.3879713812,0.9781740710503801,813.0487029458886,2.4052350080318243,2.4052350080318243,1055.7027933899678,2.5770947125439725,44.10737204551697,0.00046716921497136354,0.0007594313938170671,0.0002922621788457036,1.6256023930507035
encdec,32,2,64,2,0.2,50,64,716232.4116253132,0.9859736921711257,706.5539801681285,2.20682627032,2.20682627032,846.3051527819698,1.710539045898172,172.79657125473022,0.00024183533969335258,0.000488044141093269,0.0002462088013999164,2.0180844607413846
encdec,32,2,64,2,0.2,50,128,372053.13668012084,0.9927139127759781,430.0852670838464,1.354803306066937,1.354803306066937,609.9615862331995,1.8681502579663036,97.71528267860413,0.0002609004150144756,0.00025351878139190376,-7.381633622571826e-06,0.9717070836312688
encdec,32,2,128,1,0.0,20,64,465987.4154170194,0.99087435471094,488.3110414003183,1.5523208971906022,1.5523208971906022,682.6327090148988,2.1878845510660834,59.07060217857361,0.00035364527138881385,0.0003175261081196368,-3.611916326917708e-05,0.8978661212481871
encdec,32,2,128,1,0.0,20,128,627958.0149860244,0.9877024101690465,610.8764054459431,1.9862796739507982,1.9862796739507982,792.4380196495019,2.23090117034909,34.63333010673523,0.0004041361389681697,0.00042821423267014325,2.4078093701973557e-05,1.0595791649899193
encdec,32,2,128,1,0.0,50,64,279716.7085697489,0.9945221793993159,370.76522592832373,1.175973595645179,1.175973595645179,528.88250923031,1.6899237250755692,128.07471013069153,0.00022036807786207646,0.00019060037448070943,-2.9767703381367028e-05,0.864918260075772
encdec,32,2,128,1,0.0,50,128,363894.1929702246,0.9928736931128854,449.1480686027016,1.490001553443742,1.490001553443742,603.2364320647623,1.843380206052641,69.35509991645813,0.00025408496730960906,0.00024794289493002,-6.142072379589081e-06,0.9758266990580957
encdec,32,2,128,1,0.2,20,64,412106.8318891375,0.9919295228914005,464.77490634844327,1.4732481299480649,1.4732481299480649,641.9554750051888,1.9447846388489936,60.03379440307617,0.0003654225147329271,0.0002808115677908063,-8.461094694212079e-05,0.768457214509731
encdec,32,2,128,1,0.2,20,128,795719.8043848177,0.9844170541004897,705.2797780784056,2.253648941393189,2.253648941393189,892.0312799363135,2.3072136864193395,34.38552188873291,0.0004332073440309614,0.0005420449306257069,0.00010883758659474552,1.2512367070743078
encdec,32,2,128,1,0.2,50,64,334274.8513412594,0.9934537422654136,411.2486240036505,1.3031177248237997,1.3031177248237997,578.1650727441596,1.7433424918781297,131.83403778076172,0.00024116670829243958,0.00022777648700866848,-1.3390221283771098e-05,0.9444773228503245
encdec,32,2,128,1,0.2,50,128,445856.12593278463,0.9912685949864636,511.9609562185699,1.6383359116238765,1.6383359116238765,667.7245883841516,1.8051751990596419,72.08758211135864,0.00027542957104742527,0.0003037446003872901,2.831502933986485e-05,1.1028031566552068
encdec,32,2,128,2,0.0,20,64,439506.0115471792,0.9913929521890634,496.23583718347606,1.6142015041958946,1.6142015041958946,662.9524956942082,1.9563889020344747,67.99433159828186,0.000282863387838006,0.0002994815877173096,1.6618199879303575e-05,1.0587499146012516
encdec,32,2,128,2,0.0,20,128,802043.2451588626,0.9842932192594593,730.7530645000945,2.44020273137418,2.44020273137418,895.5686713808509,2.330827173607609,40.835204124450684,0.00041073333704844117,0.0005469700554385781,0.00013623671839013696,1.3316914068118835
encdec,32,2,128,2,0.0,50,64,300999.88637970295,0.9941053811663769,401.61710284764354,1.273509473141001,1.273509473141001,548.634565425569,1.6041095232947313,161.0737726688385,0.00022737633844371885,0.00020510271133389324,-2.227362710982561e-05,0.9020406992993298
encdec,32,2,128,2,0.0,50,128,283445.51548003964,0.9944491564633118,377.94037959574047,1.2165225297950888,1.2165225297950888,532.3960137717409,1.7373984188035387,95.9134202003479,0.00024401143309660256,0.00019309992785565555,-5.091150524094701e-05,0.7913560664151689
encdec,32,2,128,2,0.2,20,64,481134.6594560743,0.9905777192833856,483.55482437639006,1.4792794013304613,1.4792794013304613,693.6387096003757,1.9866242554910536,77.85817170143127,0.0003412454389035702,0.000327847374137491,-1.3398064766079187e-05,0.9607377469743552
encdec,32,2,128,2,0.2,20,128,579708.1459753409,0.9886473094844949,556.5216741007122,1.7345066267331972,1.7345066267331972,761.3856749212852,2.3481901934369107,44.828333139419556,0.00043296796502545476,0.00039493743679486215,-3.803052823059261e-05,0.9121631822614018
encdec,32,2,128,2,0.2,50,64,326170.2806854833,0.9936124577898631,410.1522749398357,1.2741386828263341,1.2741386828263341,571.1131942841834,1.6924183663285242,169.4329333305359,0.00023258986766450107,0.0002222540497314185,-1.033581793308258e-05,0.9555620456004065
encdec,32,2,128,2,0.2,50,128,472349.18327473284,0.9907497692930508,486.81369032652765,1.4632386585809054,1.4632386585809054,687.2766424626498,1.8772130383048646,95.29656744003296,0.0002724292571656406,0.000321801780955866,4.937252379022539e-05,1.1812306222316138
encdec,32,4,64,1,0.0,20,64,453348.5170376375,0.9911218680549463,488.2342271420449,1.5582470089840161,1.5582470089840161,673.3116047103581,2.067487520356356,61.68532085418701,0.0003960442263633013,0.0003089139354415238,-8.713029092177749e-05,0.7799985831838622
encdec,32,4,64,1,0.0,20,128,406647.3638565764,0.9920364381579587,449.41530370352643,1.4475849284156002,1.4475849284156002,637.6890808666684,2.1059186845813618,34.263036489486694,0.0003713812620844692,0.0002770914288703352,-9.428983321413398e-05,0.7461104184823193
encdec,32,4,64,1,0.0,50,64,320377.0652933404,0.9937259089840428,397.686175453739,1.284723074841138,1.284723074841138,566.018608610477,1.7627348271645293,130.66847848892212,0.00023160777345765382,0.00021830644982401282,-1.3301323633641005e-05,0.9425696148489897
encdec,32,4,64,1,0.0,50,128,325984.4746262249,0.9936160965151445,395.5777388100702,1.2659982820090268,1.2659982820090268,570.9505010298396,1.852728498356248,70.42367887496948,0.0002662608749233186,0.00022212741896510124,-4.413345595821738e-05,0.8342473111345122
encdec,32,4,64,1,0.2,20,64,760850.3394380262,0.985099918826008,624.878896236661,1.8594569756731596,1.8594569756731596,872.2673554811198,2.3007716781721355,61.150304317474365,0.0003861963632516563,0.000518447021022439,0.0001322506577707827,1.342444078595853
encdec,32,4,64,1,0.2,20,128,653871.0579767049,0.987194943162708,627.0846001969787,1.9921839791426377,1.9921839791426377,808.6229393089865,2.1191239212024624,34.55646300315857,0.00041578648961149156,0.0004455509188119322,2.9764429200440645e-05,1.0715858498150153
encdec,32,4,64,1,0.2,50,64,351302.36160935764,0.9931202847218801,411.6222317518782,1.2736421112939542,1.2736421112939542,592.7076527339239,1.7715912464340209,132.94423460960388,0.0002483912103343755,0.0002393791073700413,-9.01210296433419e-06,0.9637181084137301
encdec,32,4,64,1,0.2,50,128,790292.5602990905,0.9845233383107171,736.5976577209798,2.3428430234279607,2.3428430234279607,888.9840045237544,1.8941075993400807,73.27171421051025,0.00028212254983372986,0.0005385091062635183,0.00025638655642978847,1.9087772550648325
encdec,32,4,64,2,0.0,20,64,680910.413155819,0.9866654190681813,663.4174915756576,2.0876681878758574,2.0876681878758574,825.1729595398889,1.9706245170707317,71.98168921470642,0.00030050898203626275,0.0004639753024093807,0.00016346632037311792,1.5439648401370987
encdec,32,4,64,2,0.0,20,128,863263.9942459054,0.9830943052501638,781.5887286657432,2.5952098184184154,2.5952098184184154,929.1200106799473,2.2479359460730373,47.456013441085815,0.00037726041045971215,0.000588232243899256,0.00021097183343954384,1.5592207069447421
encdec,32,4,64,2,0.0,50,64,275703.20686724904,0.9946007776440159,364.94862727617925,1.1528665620605874,1.1528665620605874,525.0744774479607,1.6732928667410187,172.0348038673401,0.00020590970234479755,0.0001878655020846054,-1.8044200260192156e-05,0.912368382573945
encdec,32,4,64,2,0.0,50,128,382130.2832988954,0.9925165673916903,440.28406614601715,1.3867653574007381,1.3867653574007381,618.1668733431899,1.7614129782157568,90.33549118041992,0.00024479866260662675,0.0002603854227345437,1.5586760127916932e-05,1.0636717536033427
encdec,32,4,64,2,0.2,20,64,727010.3120869964,0.9857626236029197,662.2534102006196,2.117748409138927,2.117748409138927,852.6489970011086,2.7565435904149465,75.70966815948486,0.00030856436933390796,0.0004953885218128562,0.00018682415247894824,1.6054624935543984
encdec,32,4,64,2,0.2,20,128,2610860.6148296944,0.9488703190647525,1462.2383778833573,4.576573328610305,4.576573328610305,1615.815773790346,2.382892269692322,44.57223677635193,0.00047289460781030357,0.001779052778147161,0.0013061581703368574,3.7620491939734872
encdec,32,4,64,2,0.2,50,64,285124.6490212752,0.994416273221011,374.77921777429094,1.197357731555829,1.197357731555829,533.9706443441205,1.7104292699759494,169.50163769721985,0.000253706646617502,0.00019428528321441263,-5.9421363403089345e-05,0.7657871238482952
encdec,32,4,64,2,0.2,50,128,773926.2939481289,0.9848438464113307,747.3741513657006,2.3768678923095767,2.3768678923095767,879.7308076611441,1.7631311989340475,93.54098892211914,0.0002539120614528656,0.000527357158716768,0.0002734450972639024,2.076928349520973
encdec,32,4,128,1,0.0,20,64,363578.021815637,0.9928798848376229,434.68774211130966,1.402241262331768,1.402241262331768,602.9743127328369,1.9447871473223959,57.53919982910156,0.0002888257731683552,0.00024774379562586546,-4.108197754248977e-05,0.8577620788760314
encdec,32,4,128,1,0.0,20,128,867621.7438479513,0.983008965440952,776.3752772103818,2.530172685058168,2.530172685058168,931.4621537389221,2.1185228045019344,32.49466300010681,0.00034846365451812744,0.0005908787716180086,0.00024241511709988117,1.695668296985247
encdec,32,4,128,1,0.0,50,64,295003.1225440556,0.9942228185430867,394.77406467538515,1.2435121430041283,1.2435121430041283,543.141899087205,1.6277150904330875,129.4397964477539,0.00021049572387710214,0.00020101654808968306,-9.47917578741908e-06,0.9549673712471543
encdec,32,4,128,1,0.0,50,128,346561.6788361043,0.9932131236870224,423.0056408395056,1.3501010520690029,1.3501010520690029,588.6948945218603,1.789082829945372,69.91969037055969,0.000251509714871645,0.0002360715006943792,-1.5438214177265763e-05,0.9386178216410269
encdec,32,4,128,1,0.2,20,64,576241.2936772283,0.9887152024431788,562.2174134488226,1.7158810978590306,1.7158810978590306,759.1055879633797,1.989486562079576,58.423208713531494,0.0003465609916020185,0.00039265360101126134,4.609260940924287e-05,1.1329999928617887
encdec,32,4,128,1,0.2,20,128,554178.984913942,0.9891472587549384,550.8570320777144,1.7154767329721394,1.7154767329721394,744.431988104986,2.2461332474016547,33.32497453689575,0.00040635140612721443,0.0003777729580178857,-2.8578448109328747e-05,0.9296706060852615
encdec,32,4,128,1,0.2,50,64,489780.76537633175,0.9904083986254676,532.2351958002603,1.6198081881115636,1.6198081881115636,699.8433863203479,1.750918087078143,130.39773726463318,0.000236284380662255,0.00033373894984833896,9.745456918608397e-05,1.4124460910744057
encdec,32,4,128,1,0.2,50,128,628367.0378645321,0.9876944000864114,643.2638523382399,2.0523636187998546,2.0523636187998546,792.6960564204493,1.7766760592021424,72.70152449607849,0.0002636656863614917,0.00042806423152796924,0.00016439854516647756,1.6235113390563967
encdec,32,4,128,2,0.0,20,64,376820.9947627595,0.9926205416242877,456.0973198207795,1.5080293501332371,1.5080293501332371,613.8574710490698,1.8761196136234115,71.21669030189514,0.00028255704091861844,0.0002567676710896194,-2.5789369828999043e-05,0.9087286243331418
encdec,32,4,128,2,0.0,20,128,397334.5953854144,0.992218814374387,448.2269409355911,1.4336579967710736,1.4336579967710736,630.344822605385,2.025400587548013,61.37828040122986,0.000338737852871418,0.00027071230579167604,-6.802554707974195e-05,0.7991793757234333
encdec,32,4,128,2,0.0,50,64,262107.7691114849,0.9948670233373627,358.1667601459901,1.1315777290225817,1.1315777290225817,511.964617050324,1.6275582165411635,181.14084458351135,0.00020013061293866485,0.0001786015200195834,-2.152909291908145e-05,0.8924247889767889
encdec,32,4,128,2,0.0,50,128,527939.823556583,0.9896611122868313,582.1465448623119,1.7880955767407238,1.7880955767407238,726.5946762511978,1.6590447268681825,104.00188159942627,0.00024417947861365974,0.0003599506744649261,0.00011577119585126638,1.474123364127742
encdec,32,4,128,2,0.2,20,64,1850771.5983739693,0.9637554909015885,1185.003334128884,3.6947787295370285,3.6947787295370285,1360.4306665074737,2.1574519865263366,91.15715646743774,0.00033826203434728086,0.0012611247366294265,0.0009228627022821456,3.728247951511689
encdec,32,4,128,2,0.2,20,128,436458.9256332415,0.9914526246701132,479.11861233881643,1.5227855128680725,1.5227855128680725,660.6503807864198,2.019956575641629,52.628089904785156,0.00041227179463021457,0.00029739399906247854,-0.00011487779556773603,0.7213542205312028
encdec,32,4,128,2,0.2,50,64,306310.0994366118,0.9940013888284651,390.77872336028304,1.2128177000465057,1.2128177000465057,553.4528881816517,1.7030054940098713,197.20768642425537,0.00023475314083043486,0.0002087211760226637,-2.6031964807771146e-05,0.8891091948091363
encdec,32,4,128,2,0.2,50,128,353024.21548392856,0.9930865648676972,428.2233523590327,1.3583850678330305,1.3583850678330305,594.1584094195155,1.750007439669683,108.71232390403748,0.0002793026505969465,0.00024044662131927907,-3.88560292776674e-05,0.8608819887866391
encdec,64,2,64,1,0.0,20,64,618743.2143706001,0.9878828678360213,611.6897833037987,1.904717645335143,1.904717645335143,786.6023228866032,1.901072892625373,75.53130459785461,0.0003034844412468374,0.00042161467717960477,0.00011813023593276739,1.3892464320326947
encdec,64,2,64,1,0.0,20,128,695108.9321145182,0.9863873629590241,660.2734568487743,2.175782429338955,2.175782429338955,833.7319306075054,2.2589353329984654,42.988675594329834,0.0004700935969594866,0.0004735515685752034,3.457971615716815e-06,1.0073559215400563
encdec,64,2,64,1,0.0,50,64,268710.0685704752,0.9947377274788018,356.58981621886227,1.1300714152138105,1.1300714152138105,518.372519111956,1.6519193754071566,153.94752717018127,0.00022939543123356998,0.00018310030282009393,-4.629512841347605e-05,0.7981863537363199
encdec,64,2,64,1,0.0,50,128,326294.9360486272,0.9936100166067113,395.8998831875406,1.2764886890799858,1.2764886890799858,571.222317533749,1.8928904255718335,73.71383738517761,0.0002676381263881922,0.00022239495592657477,-4.524317046161741e-05,0.8309539411586111
encdec,64,2,64,1,0.2,20,64,512623.24170910387,0.9899610639343578,531.0319313578673,1.6341600458351022,1.6341600458351022,715.9771237330868,2.024800482843784,66.54340386390686,0.0003395109379198402,0.0003493039694149047,9.793031495064497e-06,1.0288445242885713
encdec,64,2,64,1,0.2,20,128,1345593.5297201227,0.9736486247284362,964.5412643976857,2.9155234326900197,2.9155234326900197,1159.9972110829071,2.2620155354356806,37.18340492248535,0.0004511529696173966,0.0009160667541436851,0.0004649137845262885,2.0305014392802554
encdec,64,2,64,1,0.2,50,64,709754.9601923971,0.9861005430735283,672.3573480213229,2.0824997641849436,2.0824997641849436,842.4695603951499,1.8245121981919354,139.2461199760437,0.00024164078058674932,0.00048363045789301395,0.00024198967730626464,2.001443865222866
encdec,64,2,64,1,0.2,50,128,813668.3357915501,0.9840655597775565,742.7545798929903,2.3397344233662407,2.3397344233662407,902.0356621506436,1.956362840074408,78.01421165466309,0.0003115570289082825,0.0005546935135498643,0.00024313648464158177,1.7803915883186745
encdec,64,2,64,2,0.0,20,64,305143.6083443146,0.9940242327585562,383.49618573864535,1.236512396060854,1.236512396060854,552.3980524443534,1.817423816594977,74.48126864433289,0.0002932891948148608,0.00020792624854948372,-8.53629462653771e-05,0.7089461603955012
encdec,64,2,64,2,0.0,20,128,1273157.9074459658,0.9750671647432447,983.7544992110481,3.147432148454605,3.147432148454605,1128.3429919337318,2.088212754371769,43.14692449569702,0.0004038010665681213,0.000868498464114964,0.0004646973975468427,2.150807751688908
encdec,64,2,64,2,0.0,50,64,329278.11505877844,0.9935515956438704,425.02560197015475,1.3896990349979848,1.3896990349979848,573.8276004679267,1.6770415898928526,162.79705715179443,0.00021241436479613185,0.00022437168809119612,1.195732329506427e-05,1.0562924419284945
encdec,64,2,64,2,0.0,50,128,347821.854346041,0.9931884450920107,430.27858170038274,1.349805973773799,1.349805973773799,589.7642362385507,1.6601885958471463,90.72976303100586,0.0002508741454221308,0.0002371238952036947,-1.3750250218436122e-05,0.9451906445150041
encdec,64,2,64,2,0.2,20,64,1046856.8606253593,0.9794989219399056,825.6551349565582,2.461489163011882,2.461489163011882,1023.1602321363742,2.095630325598649,80.33121967315674,0.0003357753448653966,0.0007133334293030202,0.0003775580844376236,2.1244365919391033
encdec,64,2,64,2,0.2,20,128,1123154.7571726923,0.9780047452365085,761.2152168219883,2.244288321030554,2.244288321030554,1059.7899589884273,2.763752069438739,47.828948736190796,0.0004562305985018611,0.0007649427861906588,0.0003087121876887977,1.6766582265690326
encdec,64,2,64,2,0.2,50,64,678687.1851632288,0.986708957561681,623.7510225169424,1.848404961204796,1.848404961204796,823.8247296380637,1.8690398873538892,173.3842203617096,0.00023913239419925958,0.0004624606517609209,0.0002233282575616613,1.9339105155931768
encdec,64,2,64,2,0.2,50,128,662090.1260248602,0.9870339853833073,641.1629952974378,2.0246649106787378,2.0246649106787378,813.6892072682666,1.848692568707619,96.89509582519531,0.00027629939722828567,0.0004507922276388854,0.0001744928304105997,1.6315353278401445
encdec,64,2,128,1,0.0,20,64,361820.22812957613,0.9929143085176186,427.9620149167573,1.3806893385389605,1.3806893385389605,601.5149442279686,1.9790062826984138,67.40530681610107,0.00032929188455455005,0.0002465460274834186,-8.274585707113147e-05,0.7487157717747401
encdec,64,2,128,1,0.0,20,128,451270.20447601436,0.9911625686030935,495.92436884819307,1.6329249162990163,1.6329249162990163,671.7664806136239,2.129331489688956,38.58542227745056,0.00037519013858400285,0.00030782422982156277,-6.736590876244009e-05,0.8204486156894093
encdec,64,2,128,1,0.0,50,64,516965.31834111194,0.9898760310561068,567.2957699154623,1.7877337251562315,1.7877337251562315,719.0030030125827,1.7690894426821833,138.21142387390137,0.00022553892631549388,0.00035226266481913626,0.00012672373850364238,1.561870806844117
encdec,64,2,128,1,0.0,50,128,290640.2605908384,0.9943082584698164,369.54450732001175,1.1893422958022104,1.1893422958022104,539.1106199944853,1.7724150752006291,76.53770303726196,0.00023807254910934716,0.00019800315203610808,-4.006939707323909e-05,0.8316924936405199
encdec,64,2,128,1,0.2,20,64,886459.2697762873,0.98264006153055,758.3341727757916,2.2596280226417034,2.2596280226417034,941.5196597927668,2.1384622252052914,65.07260727882385,0.00033453325158916414,0.0006040378357283771,0.00026950458413921297,1.8056137405144645
encdec,64,2,128,1,0.2,20,128,821741.9337501164,0.9839074508056427,714.032753373968,2.1852058477633234,2.1852058477633234,906.4998255654087,2.1947487851193186,37.75716042518616,0.00044957673526369035,0.0005581972654908895,0.0001086205302271992,1.2416062080336296
encdec,64,2,128,1,0.2,50,64,841949.2910453078,0.9835117208592874,739.901519748358,2.2279980886453057,2.2279980886453057,917.5779482121984,1.9016252871703294,138.162029504776,0.00024565710918977857,0.0005737082683481276,0.00032805115915834904,2.3354026685420215
encdec,64,2,128,1,0.2,50,128,897492.5210007472,0.9824239923112356,789.7021239296803,2.4522822676239886,2.4522822676239886,947.3608188017632,1.8401744487762302,75.88248229026794,0.0002794969186652452,0.0006088112713769078,0.00032931435271166265,2.178239653890725
encdec,64,2,128,2,0.0,20,64,557046.9673670926,0.9890910937391101,560.1729815210472,1.6989267097683631,1.6989267097683631,746.3557914072165,1.9206739845519076,76.57560348510742,0.00036583392648026347,0.00037957445601932704,1.3740529539063573e-05,1.0375594731501887
encdec,64,2,128,2,0.0,20,128,363639.40631064575,0.9928786827169022,421.1616013970267,1.3605246230658077,1.3605246230658077,603.0252120024882,1.968706518580764,46.02798652648926,0.00038981635589152575,0.00024750560987740755,-0.0001423107460141182,0.6349287456431946
encdec,64,2,128,2,0.0,50,64,293592.5501510252,0.9942504424292421,387.57852582951284,1.222860486495155,1.222860486495155,541.8418128485704,1.6066058828120522,168.05928015708923,0.00019836038700304925,0.00020005540864076465,1.6950216377153993e-06,1.008545161981809
encdec,64,2,128,2,0.0,50,128,486155.3217659014,0.9904793973505611,550.7481262112336,1.6878185835541009,1.6878185835541009,697.2483931612187,1.7840777831080856,90.66303420066833,0.00024524854961782694,0.00033137129503302276,8.612274541519582e-05,1.3511651569373262
encdec,64,2,128,2,0.2,20,64,1667551.2202538582,0.967343579603416,1095.6800289513312,3.2747970797132604,3.2747970797132604,1291.3369894236973,2.07488332761975,77.13293528556824,0.0003602687211241573,0.0011362775694578886,0.0007760088483337313,3.153972306872291
encdec,64,2,128,2,0.2,20,128,1027618.1703540083,0.9798756820356377,852.2528317912418,2.712713050825366,2.712713050825366,1013.7150340968651,2.0961726534265623,50.17513680458069,0.0004635129007510841,0.0007010541157796979,0.0002375412150286138,1.5124802667707804
encdec,64,2,128,2,0.2,50,64,416133.2904310554,0.9918506709069712,485.2260912242147,1.4874630187378117,1.4874630187378117,645.0839406085502,1.7385748543953319,182.20620155334473,0.00023567727475892752,0.0002835553023032844,4.787802754435688e-05,1.2031508026954696
encdec,64,2,128,2,0.2,50,128,453565.98193169915,0.991117609340182,492.21789623321496,1.5003779237363928,1.5003779237363928,673.4730743925098,1.8285399783317606,99.65674757957458,0.0002736527821980417,0.0003087128861807287,3.5060103982686996e-05,1.1281189385361852
encdec,64,4,64,1,0.0,20,64,383474.6069798466,0.9924902408844496,444.77548969809703,1.4012073834324412,1.4012073834324412,619.253265619041,1.923147337822912,66.35257077217102,0.0003106588847003877,0.0002613014366943389,-4.93574480060488e-05,0.8411201145795294
encdec,64,4,64,1,0.0,20,128,598832.9995824287,0.9882727787043721,607.5775984408148,1.9292977958646027,1.9292977958646027,773.8430070643714,2.0445371889651787,38.616541624069214,0.0003801895654760301,0.0004079989739693701,2.7809408493340015e-05,1.073146164489076
encdec,64,4,64,1,0.0,50,64,267255.23269201996,0.9947662181970945,353.0150181624293,1.1251398735588034,1.1251398735588034,516.9673419975578,1.6769895055167179,138.24594640731812,0.00021635495068039745,0.00018210896814707667,-3.4245982533320785e-05,0.841713894571752
encdec,64,4,64,1,0.0,50,128,349280.53174731665,0.9931598791434146,425.39801090596745,1.397074185681487,1.397074185681487,590.9996038470048,1.9159964934473381,74.40233898162842,0.00026590845664031804,0.00023771461565047503,-2.819384098984301e-05,0.8939716271303868
encdec,64,4,64,1,0.2,20,64,1076357.5489771257,0.9789211964289273,865.3644025628945,2.626540648069351,2.626540648069351,1037.4765293620505,1.9800144690957393,64.54585838317871,0.00035164732253178954,0.0007334351539611816,0.0003817878314293921,2.0857123230189756
encdec,64,4,64,1,0.2,20,128,1349117.4479725512,0.9735796142209946,999.7812856514224,3.1109284497421577,3.1109284497421577,1161.5151518480295,2.1378668957161584,37.99019455909729,0.00042147046769969165,0.0009205228998325765,0.0004990524321328849,2.1840744972159527
encdec,64,4,64,1,0.2,50,64,781237.0437058519,0.9847006766456271,677.0588179648547,2.028238557961412,2.028238557961412,883.8761472660364,1.9450406106309006,140.62608122825623,0.00024457447580061853,0.0005323386285454035,0.00028776415274478495,2.1765911050316444
encdec,64,4,64,1,0.2,50,128,730305.5694476049,0.9856980910666018,715.7079850660504,2.3522842614664246,2.3522842614664246,854.5791768160543,1.8661896754654703,82.5111677646637,0.0002488402824383229,0.0004978100187145174,0.00024896973627619445,2.0005202286245742
encdec,64,4,64,2,0.0,20,64,400385.81234668434,0.9921590609931425,451.72718953190673,1.4290300389897679,1.4290300389897679,632.7604699621211,1.893188309149622,76.83847212791443,0.00028441246831789613,0.00027282480732537806,-1.1587660992518067e-05,0.9592575492169837
encdec,64,4,64,2,0.0,20,128,380961.64589552156,0.9925394533539756,438.0245247161616,1.4121321285167057,1.4121321285167057,617.220905264494,1.934508427676344,46.615986585617065,0.0003324475546833128,0.00026007078122347593,-7.237677345983684e-05,0.7822911540775733
encdec,64,4,64,2,0.0,50,64,282194.60875933035,0.9944736535433728,368.2037533570149,1.1836978037647636,1.1836978037647636,531.2199250398373,1.685705778813604,168.6838150024414,0.00020202473388053477,0.00019228877499699593,-9.735958883538842e-06,0.95180808460168
encdec,64,4,64,2,0.0,50,128,277445.5848314939,0.9945666558571712,367.75000414266515,1.1799577893893123,1.1799577893893123,526.7310365181588,1.7228663188750413,96.2784857749939,0.00024339117226190865,0.00018897297559306026,-5.4418196668848395e-05,0.7764167197884646
encdec,64,4,64,2,0.2,20,64,1050854.369867678,0.9794206368828886,778.5408790784006,2.3176028502947763,2.3176028502947763,1025.1118816342332,2.243476589708158,78.21101021766663,0.00037210871232673526,0.0007160571403801441,0.00034394842805340886,1.9243224269132406
encdec,64,4,64,2,0.2,20,128,2937457.0094557744,0.9424744320698726,1487.1465786855438,4.4300092903888055,4.4300092903888055,1713.9011084236379,2.392743873515456,48.05016112327576,0.0004780751478392631,0.0020035281777381897,0.0015254530298989266,4.190822691356066
encdec,64,4,64,2,0.2,50,64,352611.7441965381,0.993094642482105,412.3120514695889,1.2706595499360616,1.2706595499360616,593.8112024848791,1.7950824788743904,181.92891311645508,0.000246088340645656,0.0002402713435003534,-5.816997145302594e-06,0.9763621586864266
encdec,64,4,64,2,0.2,50,128,852213.6268599301,0.9833107096631198,635.2482886964708,1.83459966057909,1.83459966057909,923.1541728551792,2.1639319871287848,106.63973021507263,0.00028330401983112097,0.0005812697345390916,0.0002979657147079706,2.051752512673804
encdec,64,4,128,1,0.0,20,64,343403.55994249467,0.9932749705778402,414.9366543427752,1.3232495004033487,1.3232495004033487,586.0064504273777,1.8337999619705048,62.87933325767517,0.00032453786116093397,0.00023399679048452526,-9.054107067640871e-05,0.7210153836827359
encdec,64,4,128,1,0.0,20,128,371587.6648873921,0.9927230283235916,440.755354373907,1.442064522145687,1.442064522145687,609.5799085332391,1.9226844260049245,35.67591857910156,0.0003406972100492567,0.0002528202021494508,-8.78770078998059e-05,0.7420671337839808
encdec,64,4,128,1,0.0,50,64,300674.16625651665,0.9941117598929462,402.020940516705,1.2947310977809539,1.2947310977809539,548.3376389201426,1.6537879262144455,141.7698826789856,0.00022740589338354766,0.00020488083828240633,-2.2525055101141334e-05,0.900947795301197
encdec,64,4,128,1,0.0,50,128,296569.60607290926,0.9941921413776472,380.85960133360993,1.2289108124832364,1.2289108124832364,544.5820471452481,1.7557492539574282,77.89146161079407,0.0002519467379897833,0.0002021415130002424,-4.9805224989540875e-05,0.802318436877081
encdec,64,4,128,1,0.2,20,64,526203.0350905581,0.9896951246119686,533.9890239155991,1.665406026048078,1.665406026048078,725.3985353518148,2.0201615324961097,64.12873196601868,0.00035133928759023547,0.00035855724127031863,7.217953680083156e-06,1.0205441120165912
encdec,64,4,128,1,0.2,20,128,4320708.02125944,0.9153855930544305,1924.343930817461,5.92049349897654,5.92049349897654,2078.6312855481224,2.124266118161737,35.949646949768066,0.00044329141383059323,0.0029419329948723316,0.0024986415810417384,6.636566608521344
encdec,64,4,128,1,0.2,50,64,539082.2464239675,0.98944290510916,526.3077344766577,1.56018585267838,1.56018585267838,734.2222050741639,1.9535415808231735,141.0486650466919,0.00023288826923817396,0.00036733323941007257,0.0001344449701718986,1.5772938697672325
encdec,64,4,128,1,0.2,50,128,1114332.0160770162,0.9781775250220834,918.9979491959929,2.9789301459731194,2.9789301459731194,1055.6192571552567,1.9569382209520936,77.35329794883728,0.0002760409552138299,0.0007616367074660957,0.0004855957522522658,2.7591438628232114
encdec,64,4,128,2,0.0,20,64,340888.08059559047,0.9933242323636574,422.7983275722229,1.3821285306421283,1.3821285306421283,583.8562156863542,1.875113198258121,74.28567433357239,0.00029274876578710973,0.00023228279314935207,-6.046597263775766e-05,0.7934543892091788
encdec,64,4,128,2,0.0,20,128,1288543.5584930102,0.9747658604819034,990.0418983908278,3.171298090608595,3.171298090608595,1135.140325463337,2.1610338554862913,49.11261701583862,0.00035988440504297614,0.0008787679253146052,0.0005188835202716291,2.441806071618096
encdec,64,4,128,2,0.0,50,64,309046.6813142586,0.993947797090376,389.3288496301644,1.24010635557755,1.24010635557755,555.919671638141,1.6194956486485623,170.98713779449463,0.0001985894632525742,0.00021058585844002664,1.1996395187452435e-05,1.0604080145591357
encdec,64,4,128,2,0.0,50,128,636628.5273195375,0.9875326115491433,656.1258859837301,2.1283322833475387,2.1283322833475387,797.8900471365322,1.8927088956055427,106.41109299659729,0.0002837410429492593,0.0004350053204689175,0.0001512642775196582,1.5331067932484777
encdec,64,4,128,2,0.2,20,64,1021467.7696964958,0.9799961281526982,809.3477579330963,2.415684047607108,2.415684047607108,1010.676886891402,2.5230533285601573,82.26219058036804,0.0003429241478443146,0.0006960330647416413,0.0003531089168973267,2.0296997721421355
encdec,64,4,128,2,0.2,20,128,661192.4160278747,0.9870515656499281,575.044378580186,1.7605879201160572,1.7605879201160572,813.1373906221966,2.4093141607895645,51.34685969352722,0.00043628326966427267,0.00045016573858447373,1.3882468920201063e-05,1.0318198516548294
encdec,64,4,128,2,0.2,50,64,341383.51872663,0.9933145299714963,379.8044018180401,1.1965564311020456,1.1965564311020456,584.2803425810507,1.7687693089834966,180.8011884689331,0.0002225197822554037,0.00023262033937498927,1.0100557119585574e-05,1.0453917266016033
encdec,64,4,128,2,0.2,50,128,673621.167647187,0.9868081677063116,629.0814799552055,1.8919591634079178,1.8919591634079178,820.744276646013,2.203219481471941,103.91179418563843,0.0002682339691091329,0.0004585538699757308,0.0001903199008665979,1.7095294510933658
